Species,Location,Bodypart,Measure,Zone
Pygmy,France,Weight,3.6,France
GWTS,France,Weight,9.9,France
GWTS,France,Weight,9.8,France
GWTS,France,Weight,8.3,France
GWTS,France,Weight,8.2,France
GWTS,France,Weight,8.5,France
Pygmy,France,Weight,3.8,France
GWTS,France,Weight,8.4,France
GWTS,France,Weight,8.8,France
GWTS,France,Weight,9.3,France
GWTS,France,Weight,9.4,France
Pygmy,France,Weight,3.8,France
GWTS,France,Weight,8.2,France
Pygmy,France,Weight,3.8,France
Pygmy,France,Weight,3.4,France
Pygmy,France,Weight,4.1,France
Pygmy,France,Weight,3.6,France
Pygmy,France,Weight,3.7,France
Pygmy,France,Weight,4,France
GWTS,France,Weight,8.1,France
GWTS,France,Weight,9,France
Pygmy,France,Weight,4.1,France
GWTS,France,Weight,9.2,France
GWTS,France,Weight,8.3,France
GWTS,France,Weight,10.5,France
Pygmy,France,Weight,3.8,France
Pygmy,France,Weight,4,France
GWTS,France,Weight,7,France
Pygmy,France,Weight,3.4,France
Pygmy,France,Weight,3.4,France
GWTS,France,Weight,8.9,France
GWTS,France,Weight,8.5,France
Pygmy,France,Weight,3.6,France
GWTS,France,Weight,9,France
GWTS,France,Weight,9.3,France
Pygmy,France,Weight,3.5,France
Pygmy,France,Weight,3.9,France
Pygmy,France,Weight,4,France
Pygmy,France,Weight,3.6,France
Pygmy,France,Weight,3.1,France
Pygmy,France,Weight,4.4,France
GWTS,France,Weight,9.1,France
GWTS,France,Weight,11.3,France
GWTS,France,Weight,11.2,France
GWTS,France,Weight,11,France
GWTS,France,Weight,9.6,France
GWTS,France,Weight,9.6,France
Pygmy,France,Weight,4.5,France
Pygmy,France,Weight,5.1,France
GWTS,France,Weight,11.1,France
GWTS,France,Weight,10,France
GWTS,France,Weight,11.7,France
Pygmy,France,Weight,5,France
Pygmy,France,Weight,5.2,France
Pygmy,France,Weight,4.6,France
Pygmy,France,Weight,4.3,France
Pygmy,France,Weight,5.4,France
Pygmy,France,Weight,4,France
Pygmy,France,Weight,5.8,France
GWTS,France,Weight,10.2,France
Pygmy,France,Weight,5.2,France
GWTS,France,Weight,11.4,France
Pygmy,France,Weight,4.1,France
Pygmy,France,Weight,5,France
GWTS,France,Weight,11.4,France
GWTS,France,Weight,9.6,France
Pygmy,France,Weight,6,France
GWTS,France,Weight,12.5,France
GWTS,France,Weight,10.4,France
Pygmy,France,Weight,4.4,France
Pygmy,France,Weight,4.8,France
Pygmy,France,Weight,5,France
Pygmy,France,Weight,5.4,France
Pygmy,France,Weight,5.6,France
Pygmy,France,Weight,5.9,France
GWTS,France,Weight,10.5,France
GWTS,France,Weight,11.4,France
GWTS,France,Weight,10.6,France
Pygmy,France,Weight,4.9,France
GWTS,France,Weight,11.9,France
GWTS,France,Weight,11.9,France
GWTS,France,Weight,10.5,France
Pygmy,France,Total,91.5,France
GWTS,France,Total,115.7,France
GWTS,France,Total,113.2,France
GWTS,France,Total,109.3,France
GWTS,France,Total,101.3,France
GWTS,France,Total,106,France
Pygmy,France,Total,94,France
GWTS,France,Total,106.8,France
GWTS,France,Total,106.6,France
GWTS,France,Total,112.8,France
GWTS,France,Total,119,France
Pygmy,France,Total,92.5,France
GWTS,France,Total,105.6,France
Pygmy,France,Total,96.4,France
Pygmy,France,Total,93.5,France
Pygmy,France,Total,93.6,France
Pygmy,France,Total,87,France
Pygmy,France,Total,95.6,France
Pygmy,France,Total,98.4,France
GWTS,France,Total,105.3,France
GWTS,France,Total,111.4,France
Pygmy,France,Total,95.8,France
GWTS,France,Total,105.5,France
GWTS,France,Total,108.5,France
GWTS,France,Total,116.6,France
Pygmy,France,Total,92.7,France
Pygmy,France,Total,93,France
GWTS,France,Total,110,France
Pygmy,France,Total,92.5,France
Pygmy,France,Total,88.3,France
GWTS,France,Total,106.7,France
GWTS,France,Total,106.5,France
Pygmy,France,Total,91.5,France
GWTS,France,Total,109.7,France
GWTS,France,Total,110.1,France
Pygmy,France,Total,87.1,France
Pygmy,France,Total,89,France
Pygmy,France,Total,93.8,France
Pygmy,France,Total,94.6,France
Pygmy,France,Total,84.8,France
Pygmy,France,Total,94.6,France
GWTS,France,Total,107.4,France
GWTS,France,Total,110.9,France
GWTS,France,Total,110.5,France
GWTS,France,Total,107.8,France
GWTS,France,Total,113.6,France
GWTS,France,Total,113.4,France
Pygmy,France,Total,95.2,France
Pygmy,France,Total,96.2,France
GWTS,France,Total,119.9,France
GWTS,France,Total,117.6,France
GWTS,France,Total,120.1,France
Pygmy,France,Total,103.8,France
Pygmy,France,Total,100.6,France
Pygmy,France,Total,102.2,France
Pygmy,France,Total,102.5,France
Pygmy,France,Total,96.7,France
Pygmy,France,Total,98.5,France
Pygmy,France,Total,100.2,France
GWTS,France,Total,110.2,France
Pygmy,France,Total,101.6,France
GWTS,France,Total,118.4,France
Pygmy,France,Total,99.5,France
Pygmy,France,Total,101.1,France
GWTS,France,Total,118.5,France
GWTS,France,Total,112.4,France
Pygmy,France,Total,100.3,France
GWTS,France,Total,116,France
GWTS,France,Total,108.6,France
Pygmy,France,Total,102.8,France
Pygmy,France,Total,102.5,France
Pygmy,France,Total,96.9,France
Pygmy,France,Total,102.9,France
Pygmy,France,Total,106,France
Pygmy,France,Total,107.3,France
GWTS,France,Total,119.3,France
GWTS,France,Total,112.7,France
GWTS,France,Total,116.8,France
Pygmy,France,Total,98.3,France
GWTS,France,Total,118.6,France
GWTS,France,Total,108.3,France
GWTS,France,Total,116.8,France
Pygmy,France,Head,20.8,France
GWTS,France,Head,24.5,France
GWTS,France,Head,26.1,France
GWTS,France,Head,25.5,France
GWTS,France,Head,24.3,France
GWTS,France,Head,24.7,France
Pygmy,France,Head,21,France
GWTS,France,Head,24.8,France
GWTS,France,Head,24.5,France
GWTS,France,Head,26.6,France
GWTS,France,Head,24,France
Pygmy,France,Head,21.1,France
GWTS,France,Head,24.8,France
Pygmy,France,Head,20.3,France
Pygmy,France,Head,20.2,France
Pygmy,France,Head,21.3,France
Pygmy,France,Head,20.8,France
Pygmy,France,Head,20,France
Pygmy,France,Head,21.7,France
GWTS,France,Head,25.6,France
GWTS,France,Head,25,France
Pygmy,France,Head,21.1,France
GWTS,France,Head,24.8,France
GWTS,France,Head,24.7,France
GWTS,France,Head,25.9,France
Pygmy,France,Head,21.8,France
Pygmy,France,Head,21.2,France
GWTS,France,Head,24.7,France
Pygmy,France,Head,21,France
Pygmy,France,Head,20.7,France
GWTS,France,Head,26.3,France
GWTS,France,Head,25.2,France
Pygmy,France,Head,20,France
GWTS,France,Head,25.5,France
GWTS,France,Head,27,France
Pygmy,France,Head,20.9,France
Pygmy,France,Head,20.7,France
Pygmy,France,Head,21.1,France
Pygmy,France,Head,21.5,France
Pygmy,France,Head,21.4,France
Pygmy,France,Head,20.5,France
GWTS,France,Head,24.3,France
GWTS,France,Head,24.6,France
GWTS,France,Head,24.3,France
GWTS,France,Head,25.9,France
GWTS,France,Head,23.5,France
GWTS,France,Head,22.7,France
Pygmy,France,Head,20.5,France
Pygmy,France,Head,20.4,France
GWTS,France,Head,25,France
GWTS,France,Head,25.5,France
GWTS,France,Head,25.5,France
Pygmy,France,Head,21,France
Pygmy,France,Head,20.5,France
Pygmy,France,Head,20.6,France
Pygmy,France,Head,19.7,France
Pygmy,France,Head,21,France
Pygmy,France,Head,20.4,France
Pygmy,France,Head,21.2,France
GWTS,France,Head,25.2,France
Pygmy,France,Head,20.7,France
GWTS,France,Head,26.2,France
Pygmy,France,Head,20.1,France
Pygmy,France,Head,21.2,France
GWTS,France,Head,22.7,France
GWTS,France,Head,25.4,France
Pygmy,France,Head,19.5,France
GWTS,France,Head,25.2,France
GWTS,France,Head,21.3,France
Pygmy,France,Head,20.9,France
Pygmy,France,Head,19.8,France
Pygmy,France,Head,21.6,France
Pygmy,France,Head,19.3,France
Pygmy,France,Head,20.1,France
Pygmy,France,Head,20.7,France
GWTS,France,Head,24,France
GWTS,France,Head,25.8,France
GWTS,France,Head,25.6,France
Pygmy,France,Head,21.4,France
GWTS,France,Head,26,France
GWTS,France,Head,22.4,France
GWTS,France,Head,21.3,France
Pygmy,France,Body,35.9,France
GWTS,France,Body,49.6,France
GWTS,France,Body,51.5,France
GWTS,France,Body,47.6,France
GWTS,France,Body,47.5,France
GWTS,France,Body,48.3,France
Pygmy,France,Body,37.1,France
GWTS,France,Body,49,France
GWTS,France,Body,52,France
GWTS,France,Body,51.7,France
GWTS,France,Body,49.6,France
Pygmy,France,Body,36.8,France
GWTS,France,Body,49.5,France
Pygmy,France,Body,37.2,France
Pygmy,France,Body,34.7,France
Pygmy,France,Body,37,France
Pygmy,France,Body,37.7,France
Pygmy,France,Body,38.4,France
Pygmy,France,Body,38.5,France
GWTS,France,Body,51.2,France
GWTS,France,Body,51.2,France
Pygmy,France,Body,40.8,France
GWTS,France,Body,50.5,France
GWTS,France,Body,49.2,France
GWTS,France,Body,54.9,France
Pygmy,France,Body,38.5,France
Pygmy,France,Body,37.8,France
GWTS,France,Body,48,France
Pygmy,France,Body,36,France
Pygmy,France,Body,32,France
GWTS,France,Body,52.9,France
GWTS,France,Body,52.5,France
Pygmy,France,Body,33.1,France
GWTS,France,Body,50.8,France
GWTS,France,Body,54.5,France
Pygmy,France,Body,35.3,France
Pygmy,France,Body,36.2,France
Pygmy,France,Body,38.8,France
Pygmy,France,Body,36.8,France
Pygmy,France,Body,34.1,France
Pygmy,France,Body,37.7,France
GWTS,France,Body,46.4,France
GWTS,France,Body,45.6,France
GWTS,France,Body,45.2,France
GWTS,France,Body,48.2,France
GWTS,France,Body,50.8,France
GWTS,France,Body,46.8,France
Pygmy,France,Body,37,France
Pygmy,France,Body,34.5,France
GWTS,France,Body,46.1,France
GWTS,France,Body,48.6,France
GWTS,France,Body,51.2,France
Pygmy,France,Body,38.3,France
Pygmy,France,Body,40.8,France
Pygmy,France,Body,34.7,France
Pygmy,France,Body,36.1,France
Pygmy,France,Body,34.7,France
Pygmy,France,Body,36.2,France
Pygmy,France,Body,38.4,France
GWTS,France,Body,44.5,France
Pygmy,France,Body,40.1,France
GWTS,France,Body,44.4,France
Pygmy,France,Body,35.3,France
Pygmy,France,Body,38.2,France
GWTS,France,Body,51.9,France
GWTS,France,Body,49,France
Pygmy,France,Body,40.2,France
GWTS,France,Body,51.3,France
GWTS,France,Body,47.4,France
Pygmy,France,Body,36.6,France
Pygmy,France,Body,39.8,France
Pygmy,France,Body,35.7,France
Pygmy,France,Body,40.1,France
Pygmy,France,Body,39.4,France
Pygmy,France,Body,44.4,France
GWTS,France,Body,48.2,France
GWTS,France,Body,47.3,France
GWTS,France,Body,48.4,France
Pygmy,France,Body,35.7,France
GWTS,France,Body,47.4,France
GWTS,France,Body,50.7,France
GWTS,France,Body,50.3,France
Pygmy,France,Foreleg,16.5,France
GWTS,France,Foreleg,24.3,France
GWTS,France,Foreleg,24.8,France
GWTS,France,Foreleg,20.5,France
GWTS,France,Foreleg,22.8,France
GWTS,France,Foreleg,24.5,France
Pygmy,France,Foreleg,17.5,France
GWTS,France,Foreleg,22.2,France
GWTS,France,Foreleg,24,France
GWTS,France,Foreleg,24.8,France
GWTS,France,Foreleg,23.5,France
Pygmy,France,Foreleg,16.8,France
GWTS,France,Foreleg,24,France
Pygmy,France,Foreleg,18.5,France
Pygmy,France,Foreleg,18.6,France
Pygmy,France,Foreleg,18,France
Pygmy,France,Foreleg,18.5,France
Pygmy,France,Foreleg,18.2,France
Pygmy,France,Foreleg,19,France
GWTS,France,Foreleg,23.1,France
GWTS,France,Foreleg,25,France
Pygmy,France,Foreleg,19.1,France
GWTS,France,Foreleg,23.8,France
GWTS,France,Foreleg,20.8,France
GWTS,France,Foreleg,20.5,France
Pygmy,France,Foreleg,17.4,France
Pygmy,France,Foreleg,17,France
GWTS,France,Foreleg,24.9,France
Pygmy,France,Foreleg,16.7,France
Pygmy,France,Foreleg,18,France
GWTS,France,Foreleg,20,France
GWTS,France,Foreleg,23.7,France
Pygmy,France,Foreleg,17.5,France
GWTS,France,Foreleg,24.3,France
GWTS,France,Foreleg,22.3,France
Pygmy,France,Foreleg,18.5,France
Pygmy,France,Foreleg,17.7,France
Pygmy,France,Foreleg,19,France
Pygmy,France,Foreleg,18.4,France
Pygmy,France,Foreleg,16.5,France
Pygmy,France,Foreleg,19.5,France
GWTS,France,Foreleg,23,France
GWTS,France,Foreleg,21.9,France
GWTS,France,Foreleg,21.3,France
GWTS,France,Foreleg,20.7,France
GWTS,France,Foreleg,25.2,France
GWTS,France,Foreleg,21.1,France
Pygmy,France,Foreleg,19.4,France
Pygmy,France,Foreleg,20.6,France
GWTS,France,Foreleg,24.3,France
GWTS,France,Foreleg,23.6,France
GWTS,France,Foreleg,24,France
Pygmy,France,Foreleg,19.8,France
Pygmy,France,Foreleg,20.8,France
Pygmy,France,Foreleg,21,France
Pygmy,France,Foreleg,19.8,France
Pygmy,France,Foreleg,19.5,France
Pygmy,France,Foreleg,18.4,France
Pygmy,France,Foreleg,19.6,France
GWTS,France,Foreleg,24.7,France
Pygmy,France,Foreleg,20.2,France
GWTS,France,Foreleg,22.3,France
Pygmy,France,Foreleg,20.6,France
Pygmy,France,Foreleg,20,France
GWTS,France,Foreleg,25.8,France
GWTS,France,Foreleg,25.3,France
Pygmy,France,Foreleg,20.1,France
GWTS,France,Foreleg,25.2,France
GWTS,France,Foreleg,24.7,France
Pygmy,France,Foreleg,19.7,France
Pygmy,France,Foreleg,21,France
Pygmy,France,Foreleg,20.1,France
Pygmy,France,Foreleg,21.1,France
Pygmy,France,Foreleg,21.4,France
Pygmy,France,Foreleg,19.7,France
GWTS,France,Foreleg,26,France
GWTS,France,Foreleg,26.1,France
GWTS,France,Foreleg,21.8,France
Pygmy,France,Foreleg,18.9,France
GWTS,France,Foreleg,25.2,France
GWTS,France,Foreleg,24,France
GWTS,France,Foreleg,24.4,France
Pygmy,France,Rearleg,25.1,France
GWTS,France,Rearleg,26.3,France
GWTS,France,Rearleg,28.6,France
GWTS,France,Rearleg,27.3,France
GWTS,France,Rearleg,27.2,France
GWTS,France,Rearleg,27.1,France
Pygmy,France,Rearleg,24.3,France
GWTS,France,Rearleg,25.7,France
GWTS,France,Rearleg,26.5,France
GWTS,France,Rearleg,28.5,France
GWTS,France,Rearleg,27.2,France
Pygmy,France,Rearleg,24.2,France
GWTS,France,Rearleg,27,France
Pygmy,France,Rearleg,25.5,France
Pygmy,France,Rearleg,24,France
Pygmy,France,Rearleg,23.2,France
Pygmy,France,Rearleg,22.8,France
Pygmy,France,Rearleg,24.3,France
Pygmy,France,Rearleg,25.8,France
GWTS,France,Rearleg,26.5,France
GWTS,France,Rearleg,28,France
Pygmy,France,Rearleg,26.7,France
GWTS,France,Rearleg,26.9,France
GWTS,France,Rearleg,26.3,France
GWTS,France,Rearleg,29,France
Pygmy,France,Rearleg,24.4,France
Pygmy,France,Rearleg,24,France
GWTS,France,Rearleg,26.5,France
Pygmy,France,Rearleg,22.9,France
Pygmy,France,Rearleg,23.5,France
GWTS,France,Rearleg,26.2,France
GWTS,France,Rearleg,27,France
Pygmy,France,Rearleg,23.2,France
GWTS,France,Rearleg,27.8,France
GWTS,France,Rearleg,27,France
Pygmy,France,Rearleg,23.4,France
Pygmy,France,Rearleg,23.7,France
Pygmy,France,Rearleg,24.8,France
Pygmy,France,Rearleg,24.8,France
Pygmy,France,Rearleg,24.3,France
Pygmy,France,Rearleg,23.7,France
GWTS,France,Rearleg,27.3,France
GWTS,France,Rearleg,29.2,France
GWTS,France,Rearleg,26.5,France
GWTS,France,Rearleg,28.3,France
GWTS,France,Rearleg,27.7,France
GWTS,France,Rearleg,25.7,France
Pygmy,France,Rearleg,24.4,France
Pygmy,France,Rearleg,26,France
GWTS,France,Rearleg,26.7,France
GWTS,France,Rearleg,28.3,France
GWTS,France,Rearleg,27.7,France
Pygmy,France,Rearleg,25.3,France
Pygmy,France,Rearleg,24,France
Pygmy,France,Rearleg,25.1,France
Pygmy,France,Rearleg,25,France
Pygmy,France,Rearleg,25.6,France
Pygmy,France,Rearleg,24.9,France
Pygmy,France,Rearleg,24.9,France
GWTS,France,Rearleg,27.3,France
Pygmy,France,Rearleg,25.4,France
GWTS,France,Rearleg,27.2,France
Pygmy,France,Rearleg,24.7,France
Pygmy,France,Rearleg,25,France
GWTS,France,Rearleg,28.6,France
GWTS,France,Rearleg,27.1,France
Pygmy,France,Rearleg,23.5,France
GWTS,France,Rearleg,27.6,France
GWTS,France,Rearleg,27.2,France
Pygmy,France,Rearleg,24.1,France
Pygmy,France,Rearleg,25.2,France
Pygmy,France,Rearleg,25.7,France
Pygmy,France,Rearleg,25.1,France
Pygmy,France,Rearleg,26.7,France
Pygmy,France,Rearleg,25.1,France
GWTS,France,Rearleg,28.4,France
GWTS,France,Rearleg,28.4,France
GWTS,France,Rearleg,28.2,France
Pygmy,France,Rearleg,24.5,France
GWTS,France,Rearleg,28.3,France
GWTS,France,Rearleg,26.6,France
GWTS,France,Rearleg,27,France
GWTS,Ireland,Weight,11,Inside
GWTS,Ireland,Weight,9.8,Inside
GWTS,Ireland,Weight,10,Inside
GWTS,Ireland,Weight,11.2,Inside
GWTS,Ireland,Weight,13.2,Inside
GWTS,Ireland,Weight,10.5,Inside
GWTS,Ireland,Weight,9.2,Inside
GWTS,Ireland,Weight,9.9,Inside
GWTS,Ireland,Weight,9.2,Inside
GWTS,Ireland,Weight,9.5,Inside
Pygmy,Ireland,Weight,3.2,Outside
Pygmy,Ireland,Weight,3.4,Outside
Pygmy,Ireland,Weight,2.9,Outside
Pygmy,Ireland,Weight,3.4,Outside
Pygmy,Ireland,Weight,3.6,Outside
Pygmy,Ireland,Weight,3.4,Outside
Pygmy,Ireland,Weight,3.4,Outside
Pygmy,Ireland,Weight,3,Outside
Pygmy,Ireland,Weight,3.3,Outside
Pygmy,Ireland,Weight,3.2,Outside
Pygmy,Ireland,Weight,3.2,Edge
GWTS,Ireland,Weight,9.5,Edge
GWTS,Ireland,Weight,9.8,Edge
Pygmy,Ireland,Weight,3.2,Edge
Pygmy,Ireland,Weight,3.5,Edge
GWTS,Ireland,Weight,14.7,Edge
GWTS,Ireland,Weight,11.3,Edge
Pygmy,Ireland,Weight,3.4,Edge
Pygmy,Ireland,Weight,3.5,Edge
Pygmy,Ireland,Weight,3.6,Edge
Pygmy,Ireland,Weight,3.4,Edge
Pygmy,Ireland,Weight,3.5,Edge
GWTS,Ireland,Weight,15,Edge
GWTS,Ireland,Weight,9.8,Edge
Pygmy,Ireland,Weight,3.6,Edge
Pygmy,Ireland,Weight,3.7,Edge
GWTS,Ireland,Weight,11.2,Edge
Pygmy,Ireland,Weight,3,Outside
Pygmy,Ireland,Weight,2.9,Outside
Pygmy,Ireland,Weight,2.9,Outside
GWTS,Ireland,Weight,11.3,Inside
GWTS,Ireland,Weight,13.1,Inside
GWTS,Ireland,Weight,13.8,Inside
GWTS,Ireland,Weight,14,Inside
GWTS,Ireland,Weight,11.6,Inside
GWTS,Ireland,Weight,11.6,Inside
GWTS,Ireland,Weight,11.6,Inside
GWTS,Ireland,Weight,9.2,Inside
GWTS,Ireland,Weight,11,Inside
GWTS,Ireland,Weight,10.2,Inside
GWTS,Ireland,Weight,11,Inside
GWTS,Ireland,Weight,11.9,Inside
GWTS,Ireland,Weight,9.4,Inside
GWTS,Ireland,Weight,9.8,Inside
GWTS,Ireland,Weight,9.8,Inside
Pygmy,Ireland,Weight,3,Outside
Pygmy,Ireland,Weight,2.7,Outside
Pygmy,Ireland,Weight,3.3,Outside
GWTS,Ireland,Weight,14.3,Edge
GWTS,Ireland,Weight,13.7,Edge
Pygmy,Ireland,Weight,3,Edge
GWTS,Ireland,Weight,8,Edge
GWTS,Ireland,Weight,13.7,Edge
GWTS,Ireland,Weight,17.5,Edge
GWTS,Ireland,Weight,12,Edge
Pygmy,Ireland,Weight,2.9,Edge
Pygmy,Ireland,Weight,3.1,Edge
Pygmy,Ireland,Weight,2.8,Edge
Pygmy,Ireland,Weight,3.3,Edge
GWTS,Ireland,Weight,12,Edge
GWTS,Ireland,Weight,10.8,Inside
GWTS,Ireland,Weight,6.5,Inside
GWTS,Ireland,Weight,11.1,Inside
GWTS,Ireland,Weight,10.1,Inside
GWTS,Ireland,Weight,9.6,Inside
GWTS,Ireland,Weight,10.3,Inside
GWTS,Ireland,Weight,9.5,Inside
GWTS,Ireland,Weight,9.8,Inside
Pygmy,Ireland,Weight,3,Outside
Pygmy,Ireland,Weight,2.9,Outside
Pygmy,Ireland,Weight,2.8,Outside
Pygmy,Ireland,Weight,3.1,Outside
GWTS,Ireland,Weight,12,Edge
GWTS,Ireland,Weight,10.2,Edge
GWTS,Ireland,Weight,11,Edge
Pygmy,Ireland,Weight,3,Edge
Pygmy,Ireland,Weight,3,Edge
GWTS,Ireland,Weight,12,Edge
GWTS,Ireland,Weight,11,Edge
GWTS,Ireland,Weight,9.7,Edge
GWTS,Ireland,Weight,11.3,Edge
GWTS,Ireland,Weight,10,Edge
GWTS,Ireland,Weight,10.3,Edge
GWTS,Ireland,Weight,10.1,Edge
GWTS,Ireland,Weight,9.2,Edge
GWTS,Ireland,Weight,9.1,Edge
GWTS,Ireland,Weight,10.5,Edge
Pygmy,Ireland,Weight,3.3,Outside
Pygmy,Ireland,Weight,3.2,Outside
Pygmy,Ireland,Weight,3.4,Outside
Pygmy,Ireland,Weight,3.1,Outside
Pygmy,Ireland,Weight,3.4,Outside
Pygmy,Ireland,Weight,3.2,Outside
Pygmy,Ireland,Weight,3,Outside
Pygmy,Ireland,Weight,3.3,Outside
Pygmy,Ireland,Weight,3.2,Outside
Pygmy,Ireland,Weight,3.3,Outside
Pygmy,Ireland,Weight,3.4,Edge
GWTS,Ireland,Weight,8,Edge
GWTS,Ireland,Weight,13.8,Edge
GWTS,Ireland,Weight,11,Edge
Pygmy,Ireland,Weight,3.5,Edge
Pygmy,Ireland,Weight,3.5,Edge
Pygmy,Ireland,Weight,3.5,Edge
Pygmy,Ireland,Weight,3.7,Edge
Pygmy,Ireland,Weight,3.5,Edge
GWTS,Ireland,Weight,11.2,Inside
GWTS,Ireland,Weight,11.2,Inside
GWTS,Ireland,Weight,9.5,Inside
GWTS,Ireland,Weight,10.5,Inside
GWTS,Ireland,Weight,13.1,Inside
GWTS,Ireland,Weight,10.7,Inside
GWTS,Ireland,Weight,9.5,Inside
GWTS,Ireland,Weight,10,Inside
GWTS,Ireland,Weight,10.5,Inside
GWTS,Ireland,Weight,11.6,Inside
Pygmy,Ireland,Weight,2.7,Outside
GWTS,Ireland,Weight,9.9,Edge
GWTS,Ireland,Weight,14.1,Edge
GWTS,Ireland,Weight,11.6,Edge
Pygmy,Ireland,Weight,4,Outside
Pygmy,Ireland,Weight,3.1,Outside
GWTS,Ireland,Weight,13.9,Edge
GWTS,Ireland,Weight,14,Edge
Pygmy,Ireland,Weight,3.1,Outside
Pygmy,Ireland,Weight,3.2,Edge
Pygmy,Ireland,Weight,3.9,Edge
GWTS,Ireland,Weight,10.2,Edge
GWTS,Ireland,Weight,10.2,Inside
GWTS,Ireland,Weight,11.7,Inside
GWTS,Ireland,Weight,9.9,Inside
GWTS,Ireland,Weight,9.4,Inside
GWTS,Ireland,Weight,9.8,Inside
GWTS,Ireland,Weight,11.4,Inside
GWTS,Ireland,Weight,9.9,Inside
GWTS,Ireland,Weight,8.8,Inside
GWTS,Ireland,Weight,11.1,Inside
GWTS,Ireland,Weight,11.9,Inside
Pygmy,Ireland,Weight,3.5,Edge
Pygmy,Ireland,Weight,3.4,Edge
GWTS,Ireland,Weight,13,Edge
GWTS,Ireland,Weight,13.6,Edge
Pygmy,Ireland,Weight,4.8,Edge
Pygmy,Ireland,Weight,4.9,Edge
Pygmy,Ireland,Weight,3.8,Edge
Pygmy,Ireland,Weight,5,Edge
GWTS,Ireland,Weight,12.8,Edge
GWTS,Ireland,Weight,13.6,Edge
Pygmy,Ireland,Weight,4.9,Outside
Pygmy,Ireland,Weight,4.7,Outside
Pygmy,Ireland,Weight,4,Outside
Pygmy,Ireland,Weight,3.7,Outside
Pygmy,Ireland,Weight,3.3,Outside
Pygmy,Ireland,Weight,3.8,Outside
GWTS,Ireland,Weight,12.2,Inside
GWTS,Ireland,Weight,11.8,Inside
GWTS,Ireland,Weight,10.8,Inside
GWTS,Ireland,Weight,9.2,Inside
GWTS,Ireland,Weight,12.6,Inside
GWTS,Ireland,Weight,9.6,Inside
GWTS,Ireland,Weight,9,Inside
GWTS,Ireland,Weight,9.4,Inside
GWTS,Ireland,Weight,8,Inside
GWTS,Ireland,Weight,11.3,Inside
Pygmy,Ireland,Weight,3.7,Outside
Pygmy,Ireland,Weight,3.3,Outside
Pygmy,Ireland,Weight,3.4,Outside
Pygmy,Ireland,Weight,3.2,Outside
Pygmy,Ireland,Weight,3.2,Outside
Pygmy,Ireland,Weight,3.2,Outside
Pygmy,Ireland,Weight,3.5,Outside
Pygmy,Ireland,Weight,3,Outside
GWTS,Ireland,Weight,9.7,Edge
GWTS,Ireland,Weight,10.2,Edge
Pygmy,Ireland,Weight,3.5,Edge
GWTS,Ireland,Weight,10.1,Edge
GWTS,Ireland,Weight,12.5,Edge
Pygmy,Ireland,Weight,3.4,Edge
GWTS,Ireland,Weight,10.2,Edge
GWTS,Ireland,Weight,10.8,Edge
GWTS,Ireland,Weight,7.8,Edge
Pygmy,Ireland,Weight,3.4,Edge
GWTS,Ireland,Weight,12,Edge
GWTS,Ireland,Weight,11,Edge
GWTS,Ireland,Weight,11.4,Edge
Pygmy,Ireland,Weight,3,Edge
Pygmy,Ireland,Weight,3.1,Edge
Pygmy,Ireland,Weight,3,Edge
Pygmy,Ireland,Weight,3.4,Edge
Pygmy,Ireland,Weight,3.1,Edge
Pygmy,Ireland,Weight,3.1,Outside
Pygmy,Ireland,Weight,3.3,Outside
Pygmy,Ireland,Weight,3.1,Edge
Pygmy,Ireland,Weight,3.1,Edge
Pygmy,Ireland,Weight,3.1,Edge
GWTS,Ireland,Weight,12.1,Edge
Pygmy,Ireland,Weight,2.9,Edge
GWTS,Ireland,Weight,12.2,Edge
GWTS,Ireland,Weight,10.6,Edge
GWTS,Ireland,Weight,9,Edge
GWTS,Ireland,Weight,12.6,Edge
GWTS,Ireland,Weight,12.7,Edge
GWTS,Ireland,Weight,11.4,Edge
Pygmy,Ireland,Weight,3.2,Edge
Pygmy,Ireland,Weight,3.1,Edge
GWTS,Ireland,Weight,9.8,Edge
GWTS,Ireland,Weight,9.2,Edge
Pygmy,Ireland,Weight,4,Edge
GWTS,Ireland,Weight,14,Edge
GWTS,Ireland,Weight,11,Edge
Pygmy,Ireland,Weight,2.9,Edge
Pygmy,Ireland,Weight,3,Edge
Pygmy,Ireland,Weight,2.9,Outside
Pygmy,Ireland,Weight,2.9,Outside
GWTS,Ireland,Total,112.9,Inside
GWTS,Ireland,Total,108.4,Inside
GWTS,Ireland,Total,113.1,Inside
GWTS,Ireland,Total,116.5,Inside
GWTS,Ireland,Total,112.3,Inside
GWTS,Ireland,Total,111.3,Inside
GWTS,Ireland,Total,119.3,Inside
GWTS,Ireland,Total,111.6,Inside
GWTS,Ireland,Total,110.5,Inside
GWTS,Ireland,Total,111.3,Inside
Pygmy,Ireland,Total,91.3,Outside
Pygmy,Ireland,Total,91.2,Outside
Pygmy,Ireland,Total,84.9,Outside
Pygmy,Ireland,Total,90.4,Outside
Pygmy,Ireland,Total,91.5,Outside
Pygmy,Ireland,Total,88.5,Outside
Pygmy,Ireland,Total,89.6,Outside
Pygmy,Ireland,Total,88.6,Outside
Pygmy,Ireland,Total,92.7,Outside
Pygmy,Ireland,Total,90.5,Outside
Pygmy,Ireland,Total,86.6,Edge
GWTS,Ireland,Total,111,Edge
GWTS,Ireland,Total,116.3,Edge
Pygmy,Ireland,Total,92.5,Edge
Pygmy,Ireland,Total,90.8,Edge
GWTS,Ireland,Total,124,Edge
GWTS,Ireland,Total,114.6,Edge
Pygmy,Ireland,Total,87.3,Edge
Pygmy,Ireland,Total,87.5,Edge
Pygmy,Ireland,Total,88.5,Edge
Pygmy,Ireland,Total,90,Edge
Pygmy,Ireland,Total,90,Edge
GWTS,Ireland,Total,126.2,Edge
GWTS,Ireland,Total,112.5,Edge
Pygmy,Ireland,Total,90.5,Edge
Pygmy,Ireland,Total,92.6,Edge
GWTS,Ireland,Total,113.8,Edge
Pygmy,Ireland,Total,90.2,Outside
Pygmy,Ireland,Total,92.6,Outside
Pygmy,Ireland,Total,92.6,Outside
GWTS,Ireland,Total,109.5,Inside
GWTS,Ireland,Total,110.2,Inside
GWTS,Ireland,Total,108.5,Inside
GWTS,Ireland,Total,112,Inside
GWTS,Ireland,Total,113.6,Inside
GWTS,Ireland,Total,118.5,Inside
GWTS,Ireland,Total,119.7,Inside
GWTS,Ireland,Total,112,Inside
GWTS,Ireland,Total,112.9,Inside
GWTS,Ireland,Total,111.6,Inside
GWTS,Ireland,Total,114.6,Inside
GWTS,Ireland,Total,114.6,Inside
GWTS,Ireland,Total,111.3,Inside
GWTS,Ireland,Total,114.8,Inside
GWTS,Ireland,Total,114.8,Inside
Pygmy,Ireland,Total,89.4,Outside
Pygmy,Ireland,Total,90.5,Outside
Pygmy,Ireland,Total,89.6,Outside
GWTS,Ireland,Total,122.5,Edge
GWTS,Ireland,Total,124.3,Edge
Pygmy,Ireland,Total,93.4,Edge
GWTS,Ireland,Total,112.2,Edge
GWTS,Ireland,Total,122.1,Edge
GWTS,Ireland,Total,121.4,Edge
GWTS,Ireland,Total,117.6,Edge
Pygmy,Ireland,Total,92.9,Edge
Pygmy,Ireland,Total,97.1,Edge
Pygmy,Ireland,Total,96.3,Edge
Pygmy,Ireland,Total,94.3,Edge
GWTS,Ireland,Total,124.2,Edge
GWTS,Ireland,Total,113.2,Inside
GWTS,Ireland,Total,104.5,Inside
GWTS,Ireland,Total,119.9,Inside
GWTS,Ireland,Total,114.4,Inside
GWTS,Ireland,Total,118.8,Inside
GWTS,Ireland,Total,115,Inside
GWTS,Ireland,Total,113.7,Inside
GWTS,Ireland,Total,113.2,Inside
Pygmy,Ireland,Total,88.5,Outside
Pygmy,Ireland,Total,95.5,Outside
Pygmy,Ireland,Total,90.2,Outside
Pygmy,Ireland,Total,98.5,Outside
GWTS,Ireland,Total,121.2,Edge
GWTS,Ireland,Total,110.2,Edge
GWTS,Ireland,Total,117.6,Edge
Pygmy,Ireland,Total,99.4,Edge
Pygmy,Ireland,Total,87.6,Edge
GWTS,Ireland,Total,112.9,Edge
GWTS,Ireland,Total,121.5,Edge
GWTS,Ireland,Total,114.1,Edge
GWTS,Ireland,Total,120,Edge
GWTS,Ireland,Total,115.5,Edge
GWTS,Ireland,Total,117.2,Edge
GWTS,Ireland,Total,114,Edge
GWTS,Ireland,Total,115.5,Edge
GWTS,Ireland,Total,111,Edge
GWTS,Ireland,Total,115.8,Edge
Pygmy,Ireland,Total,86.8,Outside
Pygmy,Ireland,Total,82.5,Outside
Pygmy,Ireland,Total,91,Outside
Pygmy,Ireland,Total,87.6,Outside
Pygmy,Ireland,Total,90.7,Outside
Pygmy,Ireland,Total,84.3,Outside
Pygmy,Ireland,Total,87.3,Outside
Pygmy,Ireland,Total,90,Outside
Pygmy,Ireland,Total,87.5,Outside
Pygmy,Ireland,Total,89.1,Outside
Pygmy,Ireland,Total,89.1,Edge
GWTS,Ireland,Total,109.8,Edge
GWTS,Ireland,Total,124,Edge
GWTS,Ireland,Total,115.9,Edge
Pygmy,Ireland,Total,91.3,Edge
Pygmy,Ireland,Total,89.3,Edge
Pygmy,Ireland,Total,93.4,Edge
Pygmy,Ireland,Total,89.2,Edge
Pygmy,Ireland,Total,89.5,Edge
GWTS,Ireland,Total,115.9,Inside
GWTS,Ireland,Total,114.7,Inside
GWTS,Ireland,Total,112.9,Inside
GWTS,Ireland,Total,113.5,Inside
GWTS,Ireland,Total,121.5,Inside
GWTS,Ireland,Total,116.7,Inside
GWTS,Ireland,Total,108,Inside
GWTS,Ireland,Total,112.8,Inside
GWTS,Ireland,Total,113,Inside
GWTS,Ireland,Total,114.2,Inside
Pygmy,Ireland,Total,93,Outside
GWTS,Ireland,Total,120.8,Edge
GWTS,Ireland,Total,121.2,Edge
GWTS,Ireland,Total,115.7,Edge
Pygmy,Ireland,Total,93.1,Outside
Pygmy,Ireland,Total,98,Outside
GWTS,Ireland,Total,116.8,Edge
GWTS,Ireland,Total,125.4,Edge
Pygmy,Ireland,Total,92,Outside
Pygmy,Ireland,Total,98.6,Edge
Pygmy,Ireland,Total,93.9,Edge
GWTS,Ireland,Total,116.7,Edge
GWTS,Ireland,Total,109.4,Inside
GWTS,Ireland,Total,114.7,Inside
GWTS,Ireland,Total,114,Inside
GWTS,Ireland,Total,117,Inside
GWTS,Ireland,Total,114.1,Inside
GWTS,Ireland,Total,115.8,Inside
GWTS,Ireland,Total,113.6,Inside
GWTS,Ireland,Total,111.7,Inside
GWTS,Ireland,Total,113.5,Inside
GWTS,Ireland,Total,116.5,Inside
Pygmy,Ireland,Total,103,Edge
Pygmy,Ireland,Total,96.9,Edge
GWTS,Ireland,Total,120.8,Edge
GWTS,Ireland,Total,123.5,Edge
Pygmy,Ireland,Total,99.6,Edge
Pygmy,Ireland,Total,96.3,Edge
Pygmy,Ireland,Total,102,Edge
Pygmy,Ireland,Total,89.1,Edge
GWTS,Ireland,Total,122,Edge
GWTS,Ireland,Total,125.2,Edge
Pygmy,Ireland,Total,96.5,Outside
Pygmy,Ireland,Total,97.4,Outside
Pygmy,Ireland,Total,102.5,Outside
Pygmy,Ireland,Total,95,Outside
Pygmy,Ireland,Total,96,Outside
Pygmy,Ireland,Total,95,Outside
GWTS,Ireland,Total,119,Inside
GWTS,Ireland,Total,119.5,Inside
GWTS,Ireland,Total,119,Inside
GWTS,Ireland,Total,114,Inside
GWTS,Ireland,Total,122,Inside
GWTS,Ireland,Total,112,Inside
GWTS,Ireland,Total,116.5,Inside
GWTS,Ireland,Total,113.5,Inside
GWTS,Ireland,Total,107.5,Inside
GWTS,Ireland,Total,117.75,Inside
Pygmy,Ireland,Total,93.4,Outside
Pygmy,Ireland,Total,89,Outside
Pygmy,Ireland,Total,92,Outside
Pygmy,Ireland,Total,86.5,Outside
Pygmy,Ireland,Total,90.2,Outside
Pygmy,Ireland,Total,80,Outside
Pygmy,Ireland,Total,80.5,Outside
Pygmy,Ireland,Total,82.3,Outside
GWTS,Ireland,Total,111,Edge
GWTS,Ireland,Total,112.5,Edge
Pygmy,Ireland,Total,87.5,Edge
GWTS,Ireland,Total,116.8,Edge
GWTS,Ireland,Total,116.5,Edge
Pygmy,Ireland,Total,91,Edge
GWTS,Ireland,Total,117,Edge
GWTS,Ireland,Total,113.5,Edge
GWTS,Ireland,Total,108.7,Edge
Pygmy,Ireland,Total,87.5,Edge
GWTS,Ireland,Total,119.8,Edge
GWTS,Ireland,Total,120.3,Edge
GWTS,Ireland,Total,118.5,Edge
Pygmy,Ireland,Total,84,Edge
Pygmy,Ireland,Total,86.6,Edge
Pygmy,Ireland,Total,92.3,Edge
Pygmy,Ireland,Total,83.5,Edge
Pygmy,Ireland,Total,87.5,Edge
Pygmy,Ireland,Total,87.5,Outside
Pygmy,Ireland,Total,92,Outside
Pygmy,Ireland,Total,95.8,Edge
Pygmy,Ireland,Total,98.2,Edge
Pygmy,Ireland,Total,91.5,Edge
GWTS,Ireland,Total,120,Edge
Pygmy,Ireland,Total,97.5,Edge
GWTS,Ireland,Total,116.9,Edge
GWTS,Ireland,Total,119,Edge
GWTS,Ireland,Total,117.5,Edge
GWTS,Ireland,Total,114.5,Edge
GWTS,Ireland,Total,120.3,Edge
GWTS,Ireland,Total,122.2,Edge
Pygmy,Ireland,Total,93.4,Edge
Pygmy,Ireland,Total,91,Edge
GWTS,Ireland,Total,116.9,Edge
GWTS,Ireland,Total,112.2,Edge
Pygmy,Ireland,Total,96.4,Edge
GWTS,Ireland,Total,121.2,Edge
GWTS,Ireland,Total,119.5,Edge
Pygmy,Ireland,Total,95,Edge
Pygmy,Ireland,Total,92.2,Edge
Pygmy,Ireland,Total,92.7,Outside
Pygmy,Ireland,Total,94.1,Outside
GWTS,Ireland,Head,24.2,Inside
GWTS,Ireland,Head,24,Inside
GWTS,Ireland,Head,24.5,Inside
GWTS,Ireland,Head,21.6,Inside
GWTS,Ireland,Head,24.5,Inside
GWTS,Ireland,Head,25,Inside
GWTS,Ireland,Head,24.6,Inside
GWTS,Ireland,Head,21.5,Inside
GWTS,Ireland,Head,23.2,Inside
GWTS,Ireland,Head,22.5,Inside
Pygmy,Ireland,Head,19.4,Outside
Pygmy,Ireland,Head,21.5,Outside
Pygmy,Ireland,Head,19,Outside
Pygmy,Ireland,Head,20.2,Outside
Pygmy,Ireland,Head,20.3,Outside
Pygmy,Ireland,Head,18.6,Outside
Pygmy,Ireland,Head,19.5,Outside
Pygmy,Ireland,Head,20.3,Outside
Pygmy,Ireland,Head,20,Outside
Pygmy,Ireland,Head,18.7,Outside
Pygmy,Ireland,Head,19.2,Edge
GWTS,Ireland,Head,25.1,Edge
GWTS,Ireland,Head,24.8,Edge
Pygmy,Ireland,Head,20.2,Edge
Pygmy,Ireland,Head,20.8,Edge
GWTS,Ireland,Head,26.5,Edge
GWTS,Ireland,Head,26.9,Edge
Pygmy,Ireland,Head,18.5,Edge
Pygmy,Ireland,Head,19.8,Edge
Pygmy,Ireland,Head,21,Edge
Pygmy,Ireland,Head,19.5,Edge
Pygmy,Ireland,Head,22.1,Edge
GWTS,Ireland,Head,26.9,Edge
GWTS,Ireland,Head,25,Edge
Pygmy,Ireland,Head,21.1,Edge
Pygmy,Ireland,Head,22.1,Edge
GWTS,Ireland,Head,25.3,Edge
Pygmy,Ireland,Head,18.7,Outside
Pygmy,Ireland,Head,20.1,Outside
Pygmy,Ireland,Head,19.4,Outside
GWTS,Ireland,Head,23,Inside
GWTS,Ireland,Head,24.5,Inside
GWTS,Ireland,Head,26.5,Inside
GWTS,Ireland,Head,26.8,Inside
GWTS,Ireland,Head,25.8,Inside
GWTS,Ireland,Head,26.8,Inside
GWTS,Ireland,Head,24.4,Inside
GWTS,Ireland,Head,25.2,Inside
GWTS,Ireland,Head,24,Inside
GWTS,Ireland,Head,26,Inside
GWTS,Ireland,Head,25.2,Inside
GWTS,Ireland,Head,26.2,Inside
GWTS,Ireland,Head,25.5,Inside
GWTS,Ireland,Head,24.7,Inside
GWTS,Ireland,Head,23,Inside
Pygmy,Ireland,Head,19.8,Outside
Pygmy,Ireland,Head,18.6,Outside
Pygmy,Ireland,Head,19.1,Outside
GWTS,Ireland,Head,26.7,Edge
GWTS,Ireland,Head,26.4,Edge
Pygmy,Ireland,Head,19.4,Edge
GWTS,Ireland,Head,23.5,Edge
GWTS,Ireland,Head,25.1,Edge
GWTS,Ireland,Head,26.1,Edge
GWTS,Ireland,Head,25.4,Edge
Pygmy,Ireland,Head,19.5,Edge
Pygmy,Ireland,Head,19.4,Edge
Pygmy,Ireland,Head,19.4,Edge
Pygmy,Ireland,Head,19.9,Edge
GWTS,Ireland,Head,27,Edge
GWTS,Ireland,Head,26.6,Inside
GWTS,Ireland,Head,25.6,Inside
GWTS,Ireland,Head,24.9,Inside
GWTS,Ireland,Head,23.6,Inside
GWTS,Ireland,Head,22.4,Inside
GWTS,Ireland,Head,23.8,Inside
GWTS,Ireland,Head,25.5,Inside
GWTS,Ireland,Head,25,Inside
Pygmy,Ireland,Head,19.8,Outside
Pygmy,Ireland,Head,17.9,Outside
Pygmy,Ireland,Head,18.8,Outside
Pygmy,Ireland,Head,20.1,Outside
GWTS,Ireland,Head,25.2,Edge
GWTS,Ireland,Head,24.5,Edge
GWTS,Ireland,Head,22.6,Edge
Pygmy,Ireland,Head,20.7,Edge
Pygmy,Ireland,Head,20.7,Edge
GWTS,Ireland,Head,24.8,Edge
GWTS,Ireland,Head,25.5,Edge
GWTS,Ireland,Head,25,Edge
GWTS,Ireland,Head,25.7,Edge
GWTS,Ireland,Head,26.1,Edge
GWTS,Ireland,Head,28.4,Edge
GWTS,Ireland,Head,25.6,Edge
GWTS,Ireland,Head,26.6,Edge
GWTS,Ireland,Head,25.1,Edge
GWTS,Ireland,Head,25.7,Edge
Pygmy,Ireland,Head,18.4,Outside
Pygmy,Ireland,Head,18.8,Outside
Pygmy,Ireland,Head,20,Outside
Pygmy,Ireland,Head,20.1,Outside
Pygmy,Ireland,Head,20.3,Outside
Pygmy,Ireland,Head,19.8,Outside
Pygmy,Ireland,Head,18.6,Outside
Pygmy,Ireland,Head,18.9,Outside
Pygmy,Ireland,Head,20,Outside
Pygmy,Ireland,Head,19,Outside
Pygmy,Ireland,Head,19.6,Edge
GWTS,Ireland,Head,26.5,Edge
GWTS,Ireland,Head,26.1,Edge
GWTS,Ireland,Head,25.5,Edge
Pygmy,Ireland,Head,21.4,Edge
Pygmy,Ireland,Head,19.7,Edge
Pygmy,Ireland,Head,21.9,Edge
Pygmy,Ireland,Head,19.3,Edge
Pygmy,Ireland,Head,18.3,Edge
GWTS,Ireland,Head,25,Inside
GWTS,Ireland,Head,26.6,Inside
GWTS,Ireland,Head,25.6,Inside
GWTS,Ireland,Head,26.9,Inside
GWTS,Ireland,Head,26.2,Inside
GWTS,Ireland,Head,25,Inside
GWTS,Ireland,Head,25.6,Inside
GWTS,Ireland,Head,25.5,Inside
GWTS,Ireland,Head,26.4,Inside
GWTS,Ireland,Head,25.4,Inside
Pygmy,Ireland,Head,18.6,Outside
GWTS,Ireland,Head,23.4,Edge
GWTS,Ireland,Head,26,Edge
GWTS,Ireland,Head,24.3,Edge
Pygmy,Ireland,Head,19.8,Outside
Pygmy,Ireland,Head,19.1,Outside
GWTS,Ireland,Head,21.9,Edge
GWTS,Ireland,Head,26.5,Edge
Pygmy,Ireland,Head,20,Outside
Pygmy,Ireland,Head,20.4,Edge
Pygmy,Ireland,Head,18.7,Edge
GWTS,Ireland,Head,25.1,Edge
GWTS,Ireland,Head,24.8,Inside
GWTS,Ireland,Head,24.7,Inside
GWTS,Ireland,Head,25.6,Inside
GWTS,Ireland,Head,25.3,Inside
GWTS,Ireland,Head,24.6,Inside
GWTS,Ireland,Head,25.1,Inside
GWTS,Ireland,Head,24.7,Inside
GWTS,Ireland,Head,23.4,Inside
GWTS,Ireland,Head,24,Inside
GWTS,Ireland,Head,26.4,Inside
Pygmy,Ireland,Head,23,Edge
Pygmy,Ireland,Head,24,Edge
GWTS,Ireland,Head,27.3,Edge
GWTS,Ireland,Head,23.2,Edge
Pygmy,Ireland,Head,21.4,Edge
Pygmy,Ireland,Head,20.4,Edge
Pygmy,Ireland,Head,20.8,Edge
Pygmy,Ireland,Head,20.5,Edge
GWTS,Ireland,Head,27.3,Edge
GWTS,Ireland,Head,25.5,Edge
Pygmy,Ireland,Head,20.8,Outside
Pygmy,Ireland,Head,19.6,Outside
Pygmy,Ireland,Head,19.4,Outside
Pygmy,Ireland,Head,19.3,Outside
Pygmy,Ireland,Head,19.7,Outside
Pygmy,Ireland,Head,19.1,Outside
GWTS,Ireland,Head,22.5,Inside
GWTS,Ireland,Head,23.5,Inside
GWTS,Ireland,Head,29,Inside
GWTS,Ireland,Head,24,Inside
GWTS,Ireland,Head,23,Inside
GWTS,Ireland,Head,25.5,Inside
GWTS,Ireland,Head,21,Inside
GWTS,Ireland,Head,24.4,Inside
GWTS,Ireland,Head,26.4,Inside
GWTS,Ireland,Head,25,Inside
Pygmy,Ireland,Head,17.8,Outside
Pygmy,Ireland,Head,19.1,Outside
Pygmy,Ireland,Head,19.1,Outside
Pygmy,Ireland,Head,19,Outside
Pygmy,Ireland,Head,19.5,Outside
Pygmy,Ireland,Head,20.5,Outside
Pygmy,Ireland,Head,21.2,Outside
Pygmy,Ireland,Head,20,Outside
GWTS,Ireland,Head,24.5,Edge
GWTS,Ireland,Head,23.4,Edge
Pygmy,Ireland,Head,20,Edge
GWTS,Ireland,Head,25.5,Edge
GWTS,Ireland,Head,25.2,Edge
Pygmy,Ireland,Head,20.2,Edge
GWTS,Ireland,Head,24.5,Edge
GWTS,Ireland,Head,24.4,Edge
GWTS,Ireland,Head,23.3,Edge
Pygmy,Ireland,Head,19.5,Edge
GWTS,Ireland,Head,24.1,Edge
GWTS,Ireland,Head,26.8,Edge
GWTS,Ireland,Head,26.1,Edge
Pygmy,Ireland,Head,19.2,Edge
Pygmy,Ireland,Head,19.2,Edge
Pygmy,Ireland,Head,19,Edge
Pygmy,Ireland,Head,17.8,Edge
Pygmy,Ireland,Head,18.5,Edge
Pygmy,Ireland,Head,19,Outside
Pygmy,Ireland,Head,20,Outside
Pygmy,Ireland,Head,19.7,Edge
Pygmy,Ireland,Head,19.5,Edge
Pygmy,Ireland,Head,20.3,Edge
GWTS,Ireland,Head,26,Edge
Pygmy,Ireland,Head,20.1,Edge
GWTS,Ireland,Head,23,Edge
GWTS,Ireland,Head,24.5,Edge
GWTS,Ireland,Head,24.8,Edge
GWTS,Ireland,Head,23.6,Edge
GWTS,Ireland,Head,24.9,Edge
GWTS,Ireland,Head,24.6,Edge
Pygmy,Ireland,Head,20.5,Edge
Pygmy,Ireland,Head,20,Edge
GWTS,Ireland,Head,25.1,Edge
GWTS,Ireland,Head,24,Edge
Pygmy,Ireland,Head,20.2,Edge
GWTS,Ireland,Head,23.7,Edge
GWTS,Ireland,Head,25,Edge
Pygmy,Ireland,Head,20.2,Edge
Pygmy,Ireland,Head,19.5,Edge
Pygmy,Ireland,Head,20.1,Outside
Pygmy,Ireland,Head,20.2,Outside
GWTS,Ireland,Body,50,Inside
GWTS,Ireland,Body,47.1,Inside
GWTS,Ireland,Body,45.9,Inside
GWTS,Ireland,Body,58.1,Inside
GWTS,Ireland,Body,51.3,Inside
GWTS,Ireland,Body,43.5,Inside
GWTS,Ireland,Body,45.4,Inside
GWTS,Ireland,Body,47.8,Inside
GWTS,Ireland,Body,52.5,Inside
GWTS,Ireland,Body,49,Inside
Pygmy,Ireland,Body,34.6,Outside
Pygmy,Ireland,Body,32.2,Outside
Pygmy,Ireland,Body,30.8,Outside
Pygmy,Ireland,Body,33.9,Outside
Pygmy,Ireland,Body,35.8,Outside
Pygmy,Ireland,Body,37,Outside
Pygmy,Ireland,Body,33,Outside
Pygmy,Ireland,Body,31.5,Outside
Pygmy,Ireland,Body,36.4,Outside
Pygmy,Ireland,Body,36.5,Outside
Pygmy,Ireland,Body,30.8,Edge
GWTS,Ireland,Body,51.8,Edge
GWTS,Ireland,Body,50,Edge
Pygmy,Ireland,Body,37,Edge
Pygmy,Ireland,Body,34.8,Edge
GWTS,Ireland,Body,61.7,Edge
GWTS,Ireland,Body,53.3,Edge
Pygmy,Ireland,Body,35,Edge
Pygmy,Ireland,Body,36.2,Edge
Pygmy,Ireland,Body,35.3,Edge
Pygmy,Ireland,Body,37,Edge
Pygmy,Ireland,Body,36.6,Edge
GWTS,Ireland,Body,63.2,Edge
GWTS,Ireland,Body,52.6,Edge
Pygmy,Ireland,Body,36.7,Edge
Pygmy,Ireland,Body,36.9,Edge
GWTS,Ireland,Body,53,Edge
Pygmy,Ireland,Body,34.8,Outside
Pygmy,Ireland,Body,35,Outside
Pygmy,Ireland,Body,36.9,Outside
GWTS,Ireland,Body,44.8,Inside
GWTS,Ireland,Body,47.7,Inside
GWTS,Ireland,Body,50.7,Inside
GWTS,Ireland,Body,52.5,Inside
GWTS,Ireland,Body,50.8,Inside
GWTS,Ireland,Body,48,Inside
GWTS,Ireland,Body,51.9,Inside
GWTS,Ireland,Body,50,Inside
GWTS,Ireland,Body,53.5,Inside
GWTS,Ireland,Body,52.6,Inside
GWTS,Ireland,Body,52.2,Inside
GWTS,Ireland,Body,50.8,Inside
GWTS,Ireland,Body,54.7,Inside
GWTS,Ireland,Body,52.6,Inside
GWTS,Ireland,Body,55.3,Inside
Pygmy,Ireland,Body,37,Outside
Pygmy,Ireland,Body,36.1,Outside
Pygmy,Ireland,Body,35.4,Outside
GWTS,Ireland,Body,54.5,Edge
GWTS,Ireland,Body,50.3,Edge
Pygmy,Ireland,Body,33.3,Edge
GWTS,Ireland,Body,47,Edge
GWTS,Ireland,Body,53.1,Edge
GWTS,Ireland,Body,55.6,Edge
GWTS,Ireland,Body,48.5,Edge
Pygmy,Ireland,Body,34.1,Edge
Pygmy,Ireland,Body,36.7,Edge
Pygmy,Ireland,Body,32.1,Edge
Pygmy,Ireland,Body,38.5,Edge
GWTS,Ireland,Body,50.5,Edge
GWTS,Ireland,Body,46.4,Inside
GWTS,Ireland,Body,43.1,Inside
GWTS,Ireland,Body,50.8,Inside
GWTS,Ireland,Body,45.3,Inside
GWTS,Ireland,Body,50.5,Inside
GWTS,Ireland,Body,49.3,Inside
GWTS,Ireland,Body,47.1,Inside
GWTS,Ireland,Body,52.3,Inside
Pygmy,Ireland,Body,34.1,Outside
Pygmy,Ireland,Body,35.4,Outside
Pygmy,Ireland,Body,33.8,Outside
Pygmy,Ireland,Body,33.7,Outside
GWTS,Ireland,Body,49.7,Edge
GWTS,Ireland,Body,48.5,Edge
GWTS,Ireland,Body,52.1,Edge
Pygmy,Ireland,Body,32,Edge
Pygmy,Ireland,Body,31.9,Edge
GWTS,Ireland,Body,48.7,Edge
GWTS,Ireland,Body,49,Edge
GWTS,Ireland,Body,46.4,Edge
GWTS,Ireland,Body,53.7,Edge
GWTS,Ireland,Body,49,Edge
GWTS,Ireland,Body,53.1,Edge
GWTS,Ireland,Body,46.4,Edge
GWTS,Ireland,Body,49,Edge
GWTS,Ireland,Body,47,Edge
GWTS,Ireland,Body,47.7,Edge
Pygmy,Ireland,Body,32.5,Outside
Pygmy,Ireland,Body,30,Outside
Pygmy,Ireland,Body,34.7,Outside
Pygmy,Ireland,Body,32.5,Outside
Pygmy,Ireland,Body,32.3,Outside
Pygmy,Ireland,Body,33.5,Outside
Pygmy,Ireland,Body,30.7,Outside
Pygmy,Ireland,Body,37.4,Outside
Pygmy,Ireland,Body,36.8,Outside
Pygmy,Ireland,Body,35.5,Outside
Pygmy,Ireland,Body,33,Edge
GWTS,Ireland,Body,43.2,Edge
GWTS,Ireland,Body,53.2,Edge
GWTS,Ireland,Body,47.1,Edge
Pygmy,Ireland,Body,34.9,Edge
Pygmy,Ireland,Body,37.6,Edge
Pygmy,Ireland,Body,35.8,Edge
Pygmy,Ireland,Body,33.6,Edge
Pygmy,Ireland,Body,35.7,Edge
GWTS,Ireland,Body,47.9,Inside
GWTS,Ireland,Body,46.7,Inside
GWTS,Ireland,Body,50.9,Inside
GWTS,Ireland,Body,53.7,Inside
GWTS,Ireland,Body,50.8,Inside
GWTS,Ireland,Body,50.4,Inside
GWTS,Ireland,Body,49,Inside
GWTS,Ireland,Body,52.9,Inside
GWTS,Ireland,Body,53.8,Inside
GWTS,Ireland,Body,55,Inside
Pygmy,Ireland,Body,31.1,Outside
GWTS,Ireland,Body,48.6,Edge
GWTS,Ireland,Body,54,Edge
GWTS,Ireland,Body,47.4,Edge
Pygmy,Ireland,Body,35.1,Outside
Pygmy,Ireland,Body,33.5,Outside
GWTS,Ireland,Body,34,Edge
GWTS,Ireland,Body,51.5,Edge
Pygmy,Ireland,Body,34.3,Outside
Pygmy,Ireland,Body,33,Edge
Pygmy,Ireland,Body,36,Edge
GWTS,Ireland,Body,45.7,Edge
GWTS,Ireland,Body,50.8,Inside
GWTS,Ireland,Body,48.4,Inside
GWTS,Ireland,Body,49.2,Inside
GWTS,Ireland,Body,47.4,Inside
GWTS,Ireland,Body,49,Inside
GWTS,Ireland,Body,50.3,Inside
GWTS,Ireland,Body,51.8,Inside
GWTS,Ireland,Body,47.4,Inside
GWTS,Ireland,Body,50,Inside
GWTS,Ireland,Body,52,Inside
Pygmy,Ireland,Body,38.2,Edge
Pygmy,Ireland,Body,34.4,Edge
GWTS,Ireland,Body,48.3,Edge
GWTS,Ireland,Body,54.5,Edge
Pygmy,Ireland,Body,39.4,Edge
Pygmy,Ireland,Body,36.3,Edge
Pygmy,Ireland,Body,36.1,Edge
Pygmy,Ireland,Body,39.2,Edge
GWTS,Ireland,Body,51.6,Edge
GWTS,Ireland,Body,52.1,Edge
Pygmy,Ireland,Body,37.1,Outside
Pygmy,Ireland,Body,39.3,Outside
Pygmy,Ireland,Body,37.5,Outside
Pygmy,Ireland,Body,34.7,Outside
Pygmy,Ireland,Body,34.6,Outside
Pygmy,Ireland,Body,37.4,Outside
GWTS,Ireland,Body,57,Inside
GWTS,Ireland,Body,52.4,Inside
GWTS,Ireland,Body,51,Inside
GWTS,Ireland,Body,46,Inside
GWTS,Ireland,Body,47.5,Inside
GWTS,Ireland,Body,43.5,Inside
GWTS,Ireland,Body,46.5,Inside
GWTS,Ireland,Body,42.5,Inside
GWTS,Ireland,Body,39,Inside
GWTS,Ireland,Body,47.5,Inside
Pygmy,Ireland,Body,36.5,Outside
Pygmy,Ireland,Body,31.7,Outside
Pygmy,Ireland,Body,36.5,Outside
Pygmy,Ireland,Body,33,Outside
Pygmy,Ireland,Body,34.5,Outside
Pygmy,Ireland,Body,22,Outside
Pygmy,Ireland,Body,25,Outside
Pygmy,Ireland,Body,27.6,Outside
GWTS,Ireland,Body,43,Edge
GWTS,Ireland,Body,46.2,Edge
Pygmy,Ireland,Body,33.7,Edge
GWTS,Ireland,Body,46.8,Edge
GWTS,Ireland,Body,51.3,Edge
Pygmy,Ireland,Body,32.3,Edge
GWTS,Ireland,Body,46,Edge
GWTS,Ireland,Body,48.3,Edge
GWTS,Ireland,Body,35.8,Edge
Pygmy,Ireland,Body,32,Edge
GWTS,Ireland,Body,46.1,Edge
GWTS,Ireland,Body,42.5,Edge
GWTS,Ireland,Body,46.2,Edge
Pygmy,Ireland,Body,30.6,Edge
Pygmy,Ireland,Body,31.8,Edge
Pygmy,Ireland,Body,36,Edge
Pygmy,Ireland,Body,34.7,Edge
Pygmy,Ireland,Body,33.3,Edge
Pygmy,Ireland,Body,32,Outside
Pygmy,Ireland,Body,35.5,Outside
Pygmy,Ireland,Body,35.7,Edge
Pygmy,Ireland,Body,38.3,Edge
Pygmy,Ireland,Body,34.3,Edge
GWTS,Ireland,Body,50.6,Edge
Pygmy,Ireland,Body,39.4,Edge
GWTS,Ireland,Body,53.2,Edge
GWTS,Ireland,Body,49.3,Edge
GWTS,Ireland,Body,51,Edge
GWTS,Ireland,Body,55,Edge
GWTS,Ireland,Body,56.5,Edge
GWTS,Ireland,Body,50.8,Edge
Pygmy,Ireland,Body,37,Edge
Pygmy,Ireland,Body,33.3,Edge
GWTS,Ireland,Body,46.5,Edge
GWTS,Ireland,Body,42.8,Edge
Pygmy,Ireland,Body,39.2,Edge
GWTS,Ireland,Body,52.7,Edge
GWTS,Ireland,Body,52.4,Edge
Pygmy,Ireland,Body,37.2,Edge
Pygmy,Ireland,Body,37.1,Edge
Pygmy,Ireland,Body,34.9,Outside
Pygmy,Ireland,Body,34,Outside
GWTS,Ireland,Foreleg,21.5,Inside
GWTS,Ireland,Foreleg,21,Inside
GWTS,Ireland,Foreleg,22.3,Inside
GWTS,Ireland,Foreleg,20.2,Inside
GWTS,Ireland,Foreleg,20.6,Inside
GWTS,Ireland,Foreleg,23.7,Inside
GWTS,Ireland,Foreleg,22.5,Inside
GWTS,Ireland,Foreleg,19.6,Inside
GWTS,Ireland,Foreleg,19.3,Inside
GWTS,Ireland,Foreleg,21.5,Inside
Pygmy,Ireland,Foreleg,16.1,Outside
Pygmy,Ireland,Foreleg,16.9,Outside
Pygmy,Ireland,Foreleg,17,Outside
Pygmy,Ireland,Foreleg,17,Outside
Pygmy,Ireland,Foreleg,15.6,Outside
Pygmy,Ireland,Foreleg,18.4,Outside
Pygmy,Ireland,Foreleg,16,Outside
Pygmy,Ireland,Foreleg,17,Outside
Pygmy,Ireland,Foreleg,14.5,Outside
Pygmy,Ireland,Foreleg,16.5,Outside
Pygmy,Ireland,Foreleg,18.8,Edge
GWTS,Ireland,Foreleg,27.6,Edge
GWTS,Ireland,Foreleg,26,Edge
Pygmy,Ireland,Foreleg,17.7,Edge
Pygmy,Ireland,Foreleg,16.6,Edge
GWTS,Ireland,Foreleg,26,Edge
GWTS,Ireland,Foreleg,25.2,Edge
Pygmy,Ireland,Foreleg,16.8,Edge
Pygmy,Ireland,Foreleg,18.1,Edge
Pygmy,Ireland,Foreleg,18.2,Edge
Pygmy,Ireland,Foreleg,16.5,Edge
Pygmy,Ireland,Foreleg,15.5,Edge
GWTS,Ireland,Foreleg,25.7,Edge
GWTS,Ireland,Foreleg,24.8,Edge
Pygmy,Ireland,Foreleg,16.5,Edge
Pygmy,Ireland,Foreleg,17.8,Edge
GWTS,Ireland,Foreleg,23.6,Edge
Pygmy,Ireland,Foreleg,18.2,Outside
Pygmy,Ireland,Foreleg,17.8,Outside
Pygmy,Ireland,Foreleg,18.1,Outside
GWTS,Ireland,Foreleg,23.7,Inside
GWTS,Ireland,Foreleg,24.5,Inside
GWTS,Ireland,Foreleg,23,Inside
GWTS,Ireland,Foreleg,23.4,Inside
GWTS,Ireland,Foreleg,26.6,Inside
GWTS,Ireland,Foreleg,28.4,Inside
GWTS,Ireland,Foreleg,26.4,Inside
GWTS,Ireland,Foreleg,25.8,Inside
GWTS,Ireland,Foreleg,25.7,Inside
GWTS,Ireland,Foreleg,24.6,Inside
GWTS,Ireland,Foreleg,24.5,Inside
GWTS,Ireland,Foreleg,25.2,Inside
GWTS,Ireland,Foreleg,26.6,Inside
GWTS,Ireland,Foreleg,24,Inside
GWTS,Ireland,Foreleg,24.8,Inside
Pygmy,Ireland,Foreleg,18.5,Outside
Pygmy,Ireland,Foreleg,17.1,Outside
Pygmy,Ireland,Foreleg,19.6,Outside
GWTS,Ireland,Foreleg,26.3,Edge
GWTS,Ireland,Foreleg,26.7,Edge
Pygmy,Ireland,Foreleg,17.3,Edge
GWTS,Ireland,Foreleg,24.9,Edge
GWTS,Ireland,Foreleg,22.3,Edge
GWTS,Ireland,Foreleg,27.1,Edge
GWTS,Ireland,Foreleg,25.4,Edge
Pygmy,Ireland,Foreleg,18.4,Edge
Pygmy,Ireland,Foreleg,19.4,Edge
Pygmy,Ireland,Foreleg,18.5,Edge
Pygmy,Ireland,Foreleg,18.5,Edge
GWTS,Ireland,Foreleg,23.2,Edge
GWTS,Ireland,Foreleg,23.1,Inside
GWTS,Ireland,Foreleg,24.1,Inside
GWTS,Ireland,Foreleg,21.7,Inside
GWTS,Ireland,Foreleg,24,Inside
GWTS,Ireland,Foreleg,22.3,Inside
GWTS,Ireland,Foreleg,25.5,Inside
GWTS,Ireland,Foreleg,26.4,Inside
GWTS,Ireland,Foreleg,26.9,Inside
Pygmy,Ireland,Foreleg,18.8,Outside
Pygmy,Ireland,Foreleg,17.4,Outside
Pygmy,Ireland,Foreleg,19.4,Outside
Pygmy,Ireland,Foreleg,18.7,Outside
GWTS,Ireland,Foreleg,21.7,Edge
GWTS,Ireland,Foreleg,24.1,Edge
GWTS,Ireland,Foreleg,22.7,Edge
Pygmy,Ireland,Foreleg,18,Edge
Pygmy,Ireland,Foreleg,16.7,Edge
GWTS,Ireland,Foreleg,23.9,Edge
GWTS,Ireland,Foreleg,24.1,Edge
GWTS,Ireland,Foreleg,22.5,Edge
GWTS,Ireland,Foreleg,26,Edge
GWTS,Ireland,Foreleg,26.5,Edge
GWTS,Ireland,Foreleg,22.4,Edge
GWTS,Ireland,Foreleg,24.9,Edge
GWTS,Ireland,Foreleg,24,Edge
GWTS,Ireland,Foreleg,22.4,Edge
GWTS,Ireland,Foreleg,25.2,Edge
Pygmy,Ireland,Foreleg,17,Outside
Pygmy,Ireland,Foreleg,16.8,Outside
Pygmy,Ireland,Foreleg,17,Outside
Pygmy,Ireland,Foreleg,18.4,Outside
Pygmy,Ireland,Foreleg,16.2,Outside
Pygmy,Ireland,Foreleg,18.4,Outside
Pygmy,Ireland,Foreleg,16.7,Outside
Pygmy,Ireland,Foreleg,16.7,Outside
Pygmy,Ireland,Foreleg,18.5,Outside
Pygmy,Ireland,Foreleg,16.5,Outside
Pygmy,Ireland,Foreleg,17,Edge
GWTS,Ireland,Foreleg,21.9,Edge
GWTS,Ireland,Foreleg,25.9,Edge
GWTS,Ireland,Foreleg,25.7,Edge
Pygmy,Ireland,Foreleg,16.8,Edge
Pygmy,Ireland,Foreleg,16.7,Edge
Pygmy,Ireland,Foreleg,16,Edge
Pygmy,Ireland,Foreleg,16.7,Edge
Pygmy,Ireland,Foreleg,16.4,Edge
GWTS,Ireland,Foreleg,22.3,Inside
GWTS,Ireland,Foreleg,24.8,Inside
GWTS,Ireland,Foreleg,25.3,Inside
GWTS,Ireland,Foreleg,24.5,Inside
GWTS,Ireland,Foreleg,26.8,Inside
GWTS,Ireland,Foreleg,24,Inside
GWTS,Ireland,Foreleg,24.8,Inside
GWTS,Ireland,Foreleg,20.7,Inside
GWTS,Ireland,Foreleg,24.5,Inside
GWTS,Ireland,Foreleg,25.3,Inside
Pygmy,Ireland,Foreleg,18.8,Outside
GWTS,Ireland,Foreleg,25.4,Edge
GWTS,Ireland,Foreleg,25,Edge
GWTS,Ireland,Foreleg,22.6,Edge
Pygmy,Ireland,Foreleg,18.7,Outside
Pygmy,Ireland,Foreleg,18.4,Outside
GWTS,Ireland,Foreleg,22.5,Edge
GWTS,Ireland,Foreleg,25.8,Edge
Pygmy,Ireland,Foreleg,19.8,Outside
Pygmy,Ireland,Foreleg,19.3,Edge
Pygmy,Ireland,Foreleg,16.7,Edge
GWTS,Ireland,Foreleg,21.3,Edge
GWTS,Ireland,Foreleg,22.9,Inside
GWTS,Ireland,Foreleg,25.6,Inside
GWTS,Ireland,Foreleg,23.2,Inside
GWTS,Ireland,Foreleg,25,Inside
GWTS,Ireland,Foreleg,22.9,Inside
GWTS,Ireland,Foreleg,22.2,Inside
GWTS,Ireland,Foreleg,23.4,Inside
GWTS,Ireland,Foreleg,22.1,Inside
GWTS,Ireland,Foreleg,21.6,Inside
GWTS,Ireland,Foreleg,24.5,Inside
Pygmy,Ireland,Foreleg,19.7,Edge
Pygmy,Ireland,Foreleg,19.1,Edge
GWTS,Ireland,Foreleg,25.6,Edge
GWTS,Ireland,Foreleg,25.9,Edge
Pygmy,Ireland,Foreleg,19.7,Edge
Pygmy,Ireland,Foreleg,19.8,Edge
Pygmy,Ireland,Foreleg,15.8,Edge
Pygmy,Ireland,Foreleg,19.5,Edge
GWTS,Ireland,Foreleg,23.5,Edge
GWTS,Ireland,Foreleg,25.2,Edge
Pygmy,Ireland,Foreleg,17.4,Outside
Pygmy,Ireland,Foreleg,19.3,Outside
Pygmy,Ireland,Foreleg,19.4,Outside
Pygmy,Ireland,Foreleg,19.3,Outside
Pygmy,Ireland,Foreleg,16.7,Outside
Pygmy,Ireland,Foreleg,19.5,Outside
GWTS,Ireland,Foreleg,18.5,Inside
GWTS,Ireland,Foreleg,19.5,Inside
GWTS,Ireland,Foreleg,19,Inside
GWTS,Ireland,Foreleg,19.5,Inside
GWTS,Ireland,Foreleg,21.8,Inside
GWTS,Ireland,Foreleg,20.5,Inside
GWTS,Ireland,Foreleg,16.2,Inside
GWTS,Ireland,Foreleg,21,Inside
GWTS,Ireland,Foreleg,20.5,Inside
GWTS,Ireland,Foreleg,22,Inside
Pygmy,Ireland,Foreleg,16,Outside
Pygmy,Ireland,Foreleg,15,Outside
Pygmy,Ireland,Foreleg,15.8,Outside
Pygmy,Ireland,Foreleg,13.5,Outside
Pygmy,Ireland,Foreleg,16.7,Outside
Pygmy,Ireland,Foreleg,13.4,Outside
Pygmy,Ireland,Foreleg,15.8,Outside
Pygmy,Ireland,Foreleg,14.6,Outside
GWTS,Ireland,Foreleg,21.5,Edge
GWTS,Ireland,Foreleg,24,Edge
Pygmy,Ireland,Foreleg,16.3,Edge
GWTS,Ireland,Foreleg,22.3,Edge
GWTS,Ireland,Foreleg,23,Edge
Pygmy,Ireland,Foreleg,15.5,Edge
GWTS,Ireland,Foreleg,20.7,Edge
GWTS,Ireland,Foreleg,21.2,Edge
GWTS,Ireland,Foreleg,18.5,Edge
Pygmy,Ireland,Foreleg,14,Edge
GWTS,Ireland,Foreleg,22.8,Edge
GWTS,Ireland,Foreleg,21.8,Edge
GWTS,Ireland,Foreleg,20.8,Edge
Pygmy,Ireland,Foreleg,15.5,Edge
Pygmy,Ireland,Foreleg,15.3,Edge
Pygmy,Ireland,Foreleg,16,Edge
Pygmy,Ireland,Foreleg,17,Edge
Pygmy,Ireland,Foreleg,16.5,Edge
Pygmy,Ireland,Foreleg,15.5,Outside
Pygmy,Ireland,Foreleg,17.3,Outside
Pygmy,Ireland,Foreleg,18.3,Edge
Pygmy,Ireland,Foreleg,18.6,Edge
Pygmy,Ireland,Foreleg,19,Edge
GWTS,Ireland,Foreleg,26.2,Edge
Pygmy,Ireland,Foreleg,19,Edge
GWTS,Ireland,Foreleg,25.2,Edge
GWTS,Ireland,Foreleg,25.8,Edge
GWTS,Ireland,Foreleg,25.5,Edge
GWTS,Ireland,Foreleg,24.3,Edge
GWTS,Ireland,Foreleg,25,Edge
GWTS,Ireland,Foreleg,25.7,Edge
Pygmy,Ireland,Foreleg,19.6,Edge
Pygmy,Ireland,Foreleg,19.7,Edge
GWTS,Ireland,Foreleg,23.3,Edge
GWTS,Ireland,Foreleg,22.7,Edge
Pygmy,Ireland,Foreleg,18.4,Edge
GWTS,Ireland,Foreleg,25.9,Edge
GWTS,Ireland,Foreleg,26.5,Edge
Pygmy,Ireland,Foreleg,19.5,Edge
Pygmy,Ireland,Foreleg,19.5,Edge
Pygmy,Ireland,Foreleg,18.4,Outside
Pygmy,Ireland,Foreleg,19.3,Outside
GWTS,Ireland,Rearleg,27.5,Inside
GWTS,Ireland,Rearleg,27.5,Inside
GWTS,Ireland,Rearleg,30.5,Inside
GWTS,Ireland,Rearleg,24.7,Inside
GWTS,Ireland,Rearleg,26.8,Inside
GWTS,Ireland,Rearleg,28.5,Inside
GWTS,Ireland,Rearleg,28.1,Inside
GWTS,Ireland,Rearleg,24.5,Inside
GWTS,Ireland,Rearleg,22.8,Inside
GWTS,Ireland,Rearleg,28.6,Inside
Pygmy,Ireland,Rearleg,24.4,Outside
Pygmy,Ireland,Rearleg,22.9,Outside
Pygmy,Ireland,Rearleg,23,Outside
Pygmy,Ireland,Rearleg,22.5,Outside
Pygmy,Ireland,Rearleg,23.5,Outside
Pygmy,Ireland,Rearleg,23.5,Outside
Pygmy,Ireland,Rearleg,23.4,Outside
Pygmy,Ireland,Rearleg,23,Outside
Pygmy,Ireland,Rearleg,23.5,Outside
Pygmy,Ireland,Rearleg,23.5,Outside
Pygmy,Ireland,Rearleg,23.9,Edge
GWTS,Ireland,Rearleg,29.8,Edge
GWTS,Ireland,Rearleg,29,Edge
Pygmy,Ireland,Rearleg,23.8,Edge
Pygmy,Ireland,Rearleg,23.8,Edge
GWTS,Ireland,Rearleg,30.3,Edge
GWTS,Ireland,Rearleg,28.2,Edge
Pygmy,Ireland,Rearleg,24.2,Edge
Pygmy,Ireland,Rearleg,24.3,Edge
Pygmy,Ireland,Rearleg,24.1,Edge
Pygmy,Ireland,Rearleg,23.5,Edge
Pygmy,Ireland,Rearleg,22.3,Edge
GWTS,Ireland,Rearleg,29.7,Edge
GWTS,Ireland,Rearleg,28.6,Edge
Pygmy,Ireland,Rearleg,24,Edge
Pygmy,Ireland,Rearleg,23.8,Edge
GWTS,Ireland,Rearleg,26.9,Edge
Pygmy,Ireland,Rearleg,23.3,Outside
Pygmy,Ireland,Rearleg,23.3,Outside
Pygmy,Ireland,Rearleg,23,Outside
GWTS,Ireland,Rearleg,28.2,Inside
GWTS,Ireland,Rearleg,28.6,Inside
GWTS,Ireland,Rearleg,29.2,Inside
GWTS,Ireland,Rearleg,31,Inside
GWTS,Ireland,Rearleg,28.5,Inside
GWTS,Ireland,Rearleg,30.8,Inside
GWTS,Ireland,Rearleg,30.9,Inside
GWTS,Ireland,Rearleg,29.3,Inside
GWTS,Ireland,Rearleg,30.5,Inside
GWTS,Ireland,Rearleg,29.5,Inside
GWTS,Ireland,Rearleg,29.5,Inside
GWTS,Ireland,Rearleg,28.9,Inside
GWTS,Ireland,Rearleg,29.6,Inside
GWTS,Ireland,Rearleg,28.2,Inside
GWTS,Ireland,Rearleg,29.4,Inside
Pygmy,Ireland,Rearleg,24.4,Outside
Pygmy,Ireland,Rearleg,23.5,Outside
Pygmy,Ireland,Rearleg,23.3,Outside
GWTS,Ireland,Rearleg,30.8,Edge
GWTS,Ireland,Rearleg,28.5,Edge
Pygmy,Ireland,Rearleg,24,Edge
GWTS,Ireland,Rearleg,28.6,Edge
GWTS,Ireland,Rearleg,27.4,Edge
GWTS,Ireland,Rearleg,29.9,Edge
GWTS,Ireland,Rearleg,28.5,Edge
Pygmy,Ireland,Rearleg,23.3,Edge
Pygmy,Ireland,Rearleg,24.3,Edge
Pygmy,Ireland,Rearleg,22.6,Edge
Pygmy,Ireland,Rearleg,24,Edge
GWTS,Ireland,Rearleg,28.6,Edge
GWTS,Ireland,Rearleg,28.4,Inside
GWTS,Ireland,Rearleg,28.3,Inside
GWTS,Ireland,Rearleg,28.5,Inside
GWTS,Ireland,Rearleg,26.8,Inside
GWTS,Ireland,Rearleg,28.2,Inside
GWTS,Ireland,Rearleg,28.6,Inside
GWTS,Ireland,Rearleg,28.5,Inside
GWTS,Ireland,Rearleg,29.3,Inside
Pygmy,Ireland,Rearleg,21.9,Outside
Pygmy,Ireland,Rearleg,23.7,Outside
Pygmy,Ireland,Rearleg,22.3,Outside
Pygmy,Ireland,Rearleg,23.1,Outside
GWTS,Ireland,Rearleg,29.4,Edge
GWTS,Ireland,Rearleg,28.4,Edge
GWTS,Ireland,Rearleg,29.8,Edge
Pygmy,Ireland,Rearleg,24.2,Edge
Pygmy,Ireland,Rearleg,23,Edge
GWTS,Ireland,Rearleg,25,Edge
GWTS,Ireland,Rearleg,28.5,Edge
GWTS,Ireland,Rearleg,26,Edge
GWTS,Ireland,Rearleg,28.5,Edge
GWTS,Ireland,Rearleg,28.9,Edge
GWTS,Ireland,Rearleg,27.9,Edge
GWTS,Ireland,Rearleg,28.4,Edge
GWTS,Ireland,Rearleg,27.1,Edge
GWTS,Ireland,Rearleg,25.1,Edge
GWTS,Ireland,Rearleg,25.5,Edge
Pygmy,Ireland,Rearleg,24.5,Outside
Pygmy,Ireland,Rearleg,22.6,Outside
Pygmy,Ireland,Rearleg,26.1,Outside
Pygmy,Ireland,Rearleg,23.2,Outside
Pygmy,Ireland,Rearleg,24,Outside
Pygmy,Ireland,Rearleg,24.2,Outside
Pygmy,Ireland,Rearleg,23.2,Outside
Pygmy,Ireland,Rearleg,23.4,Outside
Pygmy,Ireland,Rearleg,23.8,Outside
Pygmy,Ireland,Rearleg,23.1,Outside
Pygmy,Ireland,Rearleg,24.1,Edge
GWTS,Ireland,Rearleg,26,Edge
GWTS,Ireland,Rearleg,28.1,Edge
GWTS,Ireland,Rearleg,24.6,Edge
Pygmy,Ireland,Rearleg,24,Edge
Pygmy,Ireland,Rearleg,23.4,Edge
Pygmy,Ireland,Rearleg,25,Edge
Pygmy,Ireland,Rearleg,23.1,Edge
Pygmy,Ireland,Rearleg,23.7,Edge
GWTS,Ireland,Rearleg,28.4,Inside
GWTS,Ireland,Rearleg,28.5,Inside
GWTS,Ireland,Rearleg,27,Inside
GWTS,Ireland,Rearleg,28.5,Inside
GWTS,Ireland,Rearleg,28.5,Inside
GWTS,Ireland,Rearleg,27.5,Inside
GWTS,Ireland,Rearleg,28.1,Inside
GWTS,Ireland,Rearleg,29,Inside
GWTS,Ireland,Rearleg,29.3,Inside
GWTS,Ireland,Rearleg,28.5,Inside
Pygmy,Ireland,Rearleg,24.5,Outside
GWTS,Ireland,Rearleg,29.8,Edge
GWTS,Ireland,Rearleg,28.8,Edge
GWTS,Ireland,Rearleg,27.2,Edge
Pygmy,Ireland,Rearleg,23.4,Outside
Pygmy,Ireland,Rearleg,22.8,Outside
GWTS,Ireland,Rearleg,28.7,Edge
GWTS,Ireland,Rearleg,28.9,Edge
Pygmy,Ireland,Rearleg,23.5,Outside
Pygmy,Ireland,Rearleg,23.4,Edge
Pygmy,Ireland,Rearleg,24.4,Edge
GWTS,Ireland,Rearleg,28.3,Edge
GWTS,Ireland,Rearleg,27.5,Inside
GWTS,Ireland,Rearleg,26.2,Inside
GWTS,Ireland,Rearleg,28.5,Inside
GWTS,Ireland,Rearleg,29.4,Inside
GWTS,Ireland,Rearleg,27.5,Inside
GWTS,Ireland,Rearleg,27.7,Inside
GWTS,Ireland,Rearleg,28.5,Inside
GWTS,Ireland,Rearleg,26.3,Inside
GWTS,Ireland,Rearleg,28.5,Inside
GWTS,Ireland,Rearleg,29.6,Inside
Pygmy,Ireland,Rearleg,23.7,Edge
Pygmy,Ireland,Rearleg,22.4,Edge
GWTS,Ireland,Rearleg,28.2,Edge
GWTS,Ireland,Rearleg,28.3,Edge
Pygmy,Ireland,Rearleg,24.7,Edge
Pygmy,Ireland,Rearleg,24.5,Edge
Pygmy,Ireland,Rearleg,23.2,Edge
Pygmy,Ireland,Rearleg,24.7,Edge
GWTS,Ireland,Rearleg,29.1,Edge
GWTS,Ireland,Rearleg,29.5,Edge
Pygmy,Ireland,Rearleg,25.2,Outside
Pygmy,Ireland,Rearleg,25.2,Outside
Pygmy,Ireland,Rearleg,24.6,Outside
Pygmy,Ireland,Rearleg,22.4,Outside
Pygmy,Ireland,Rearleg,22.5,Outside
Pygmy,Ireland,Rearleg,23.5,Outside
GWTS,Ireland,Rearleg,22.5,Inside
GWTS,Ireland,Rearleg,23,Inside
GWTS,Ireland,Rearleg,26.5,Inside
GWTS,Ireland,Rearleg,24.5,Inside
GWTS,Ireland,Rearleg,26.5,Inside
GWTS,Ireland,Rearleg,25,Inside
GWTS,Ireland,Rearleg,24.5,Inside
GWTS,Ireland,Rearleg,26,Inside
GWTS,Ireland,Rearleg,23.5,Inside
GWTS,Ireland,Rearleg,27,Inside
Pygmy,Ireland,Rearleg,21.5,Outside
Pygmy,Ireland,Rearleg,22.5,Outside
Pygmy,Ireland,Rearleg,19,Outside
Pygmy,Ireland,Rearleg,19.5,Outside
Pygmy,Ireland,Rearleg,22,Outside
Pygmy,Ireland,Rearleg,21.6,Outside
Pygmy,Ireland,Rearleg,22,Outside
Pygmy,Ireland,Rearleg,21.5,Outside
GWTS,Ireland,Rearleg,27,Edge
GWTS,Ireland,Rearleg,27,Edge
Pygmy,Ireland,Rearleg,21.4,Edge
GWTS,Ireland,Rearleg,26.6,Edge
GWTS,Ireland,Rearleg,29.6,Edge
Pygmy,Ireland,Rearleg,22,Edge
GWTS,Ireland,Rearleg,28.4,Edge
GWTS,Ireland,Rearleg,27,Edge
GWTS,Ireland,Rearleg,26.5,Edge
Pygmy,Ireland,Rearleg,2.2,Edge
GWTS,Ireland,Rearleg,28.5,Edge
GWTS,Ireland,Rearleg,26.3,Edge
GWTS,Ireland,Rearleg,26.2,Edge
Pygmy,Ireland,Rearleg,21.3,Edge
Pygmy,Ireland,Rearleg,24,Edge
Pygmy,Ireland,Rearleg,22,Edge
Pygmy,Ireland,Rearleg,22.9,Edge
Pygmy,Ireland,Rearleg,22.4,Edge
Pygmy,Ireland,Rearleg,22.6,Outside
Pygmy,Ireland,Rearleg,23.4,Outside
Pygmy,Ireland,Rearleg,24.5,Edge
Pygmy,Ireland,Rearleg,25.1,Edge
Pygmy,Ireland,Rearleg,25.4,Edge
GWTS,Ireland,Rearleg,28.5,Edge
Pygmy,Ireland,Rearleg,24,Edge
GWTS,Ireland,Rearleg,29.3,Edge
GWTS,Ireland,Rearleg,28.4,Edge
GWTS,Ireland,Rearleg,29.4,Edge
GWTS,Ireland,Rearleg,27.3,Edge
GWTS,Ireland,Rearleg,27,Edge
GWTS,Ireland,Rearleg,29.4,Edge
Pygmy,Ireland,Rearleg,24.1,Edge
Pygmy,Ireland,Rearleg,22.7,Edge
GWTS,Ireland,Rearleg,27.3,Edge
GWTS,Ireland,Rearleg,27.3,Edge
Pygmy,Ireland,Rearleg,24.6,Edge
GWTS,Ireland,Rearleg,29.5,Edge
GWTS,Ireland,Rearleg,29.7,Edge
Pygmy,Ireland,Rearleg,24.8,Edge
Pygmy,Ireland,Rearleg,23.5,Edge
Pygmy,Ireland,Rearleg,23.8,Outside
Pygmy,Ireland,Rearleg,23.8,Outside
